ts,pressure,flow,grams,t1_in,t1_out,t_final,pot,pulses_batch,pulses_total,encoder,limit_top,limit_bottom,btn1,btn2,btn3,led1,led2,led3,pid1,pid2,pid3,emergency
53131,5.611321248511749,1.0935418630819167,25.024835386899575,92.98182788610455,90.03104968998181,87.2645126691376,15.111048774194007,8,125988,41,0,0,0,0,1,1,0,1,154.78338623432427,-19.808973234353637,18.638880104681384,0
53142,5.549121358127488,1.1663890329761797,25.124151965952084,93.84253836406354,90.38355409121195,87.45746499515755,15.10567027694221,2,125990,42,0,0,0,1,1,1,0,1,138.48073483646215,-22.90747259609779,17.79617295422803,0
53153,5.978443326520026,1.2054632622460755,24.839425516571083,93.01680275772095,89.77259351165277,87.6823119361213,15.100239538047926,49,126039,42,0,0,0,0,1,1,0,1,135.65157832500654,-24.70188214056085,13.817854289040893,0
53163,5.550368346115822,1.0929098359384914,24.897160219309843,93.52926287980335,89.78284836616697,87.94165758699351,15.095034404774918,9,126048,40,0,0,0,1,1,1,0,1,147.76175382407249,-20.247208641403383,16.00059218690557,0
53174,5.847073491854226,1.0872216533262589,25.037899105933718,93.58256656292592,89.69385439679213,87.94742076845684,15.089894777752296,24,126072,42,0,0,0,0,1,1,0,1,138.44276342641936,-17.798069352945944,15.695633696648517,0
53185,5.996739728366959,1.0564198212977636,25.132027763936524,93.27365757625995,90.45836981586632,88.1826410472078,15.084923840244251,34,126106,44,0,0,0,1,1,1,0,1,141.52709758078512,-18.05251918754469,17.146530165384853,0
53196,5.883773837133178,1.1957631951242278,24.791937573369758,93.63614595553148,90.32761576026827,87.71242378302854,15.08002191787213,21,126127,42,0,0,0,0,1,1,0,1,134.35279679102578,-19.28808049049908,14.18700049849379,0
53207,5.8769287059900615,1.0450881034867319,24.78431065124702,93.00689392813165,90.49950988372242,88.18896221704712,15.07540634409919,6,126133,44,0,0,0,0,1,1,0,1,152.11893774822636,-22.642371380669182,17.401488903834167,0
53217,5.945702585012174,1.124622460168208,24.9657995266422,93.19544820620834,90.52690154237202,88.16279765565966,15.070979515321127,32,126165,42,0,0,0,0,1,1,0,1,137.33749966259518,-25.145913513076685,17.254238192834602,0
53228,5.840464853912451,1.042215753172193,25.100932772064446,93.26468167235593,90.24633653332634,87.69199784350671,15.066609907497458,50,126215,40,0,0,0,1,1,1,0,1,143.19378482122488,-26.403313113701167,15.25938172796721,0
53239,5.528419731923401,1.177933322387918,25.04225356449384,93.95675887815399,89.83431653375345,87.9645947546763,15.062471192484235,13,126228,38,0,0,0,0,1,1,0,1,137.1175399051702,-24.793366582007078,15.892535630205735,0
53249,5.679713671557831,1.133734319840547,24.849671989478452,93.24175161169623,89.90227245157655,87.7281324782706,15.058428127011737,22,126250,39,0,0,0,1,1,1,0,1,151.19294525020732,-19.98478787453826,14.541367650510981,0
53260,5.597424974286507,1.123793586012533,24.961586675163964,93.13702003924257,90.27676281639499,87.67664520624513,15.054623931119075,47,126297,38,0,0,0,1,1,1,0,1,151.2011672196882,-23.968579610649513,19.28045513814385,0
53270,5.7485405784146275,1.1898795684941872,24.796108212223537,93.08658633123274,90.57834844633383,87.98405504308194,15.050874611859346,45,126342,36,0,0,0,0,1,1,0,1,142.3242714139055,-24.926044730684463,18.808532099460255,0
53281,5.532196658228441,1.0980476913282247,24.94904224849053,93.72683631276345,90.32876848380837,87.33495814949663,15.04729829170686,12,126354,35,0,0,0,1,1,1,0,1,149.1181548954244,-19.32828592429446,15.981504386628085,0
53291,5.933105846730997,1.1303127014822676,25.022230018622604,93.94275663287682,89.83216997604964,88.17065425328869,15.043786423560757,28,126382,37,0,0,0,1,1,1,0,1,142.23736807067925,-20.52183036067565,16.35674987156946,0
53302,5.560092802399792,1.0729770993674448,24.889291577378152,93.41871831535715,90.14093514699744,87.63562664331126,15.040356787748888,28,126410,36,0,0,0,1,1,1,0,1,140.3691011796959,-21.150562137276715,14.724998158444887,0
53313,5.949824471373871,1.0671331576517236,25.00088677097599,93.16015119911536,89.99415661710226,88.13959691533724,15.03711419959895,41,126451,38,0,0,0,1,1,1,0,1,145.79455347685598,-18.85023203393426,14.226537542205065,0
53323,5.542575212448431,1.1599052864770911,24.978185201740985,93.07862494849529,90.55581876702115,87.97056029865415,15.034041706844228,35,126486,36,0,0,0,0,1,1,0,1,150.86189940956348,-21.082427542542607,17.437526383214706,0
53334,5.743565532691794,1.1787623505203098,25.046799004121524,93.47480385630145,89.82961026057309,87.24831047152038,15.031063398283642,32,126518,34,0,0,0,1,1,1,0,1,136.85182710742836,-23.177958382062833,18.188482375162145,0
53345,5.446563630287299,1.1697858087611366,25.164962146422393,93.24574109105671,90.49778804795325,88.042350056519,15.028229218867992,36,126554,32,0,0,0,0,1,1,0,1,148.32169046165586,-24.451663296673527,17.791181025289905,0
53355,5.616447976045119,1.0212162898431993,24.847678470405594,93.79689871434552,90.44209048241554,87.29675980750434,15.025491247945173,31,126585,34,0,0,0,1,1,1,0,1,144.4822338975399,-20.60438925073756,14.235723122504373,0
53366,5.405713405425384,0.9993100827913929,24.997536774005212,92.99308757168457,90.11255304691016,87.51571373369333,15.022891237346656,29,126614,33,0,0,0,0,1,1,0,1,146.58724452239164,-24.714170672850702,14.59764405952167,0
53377,5.654725990968198,1.1819144441308493,24.95096556349748,93.75586708682235,90.54026191351055,88.0528751082029,15.020492751569808,34,126648,34,0,0,0,1,1,1,0,1,135.05219130983068,-23.55152995357611,16.750146849520313,0
53387,5.713590031188054,1.109857418953593,25.140273720671043,93.10496402176564,90.54520778793217,87.98365565613545,15.018208482041764,16,126664,34,0,0,0,1,1,1,0,1,133.4509837130934,-25.12719019426365,15.591877767197197,0
53398,5.848956101947277,0.9977946129846457,24.85844760395206,93.1564843993255,90.36912802033945,87.40449424911667,15.016005247822203,38,126702,35,0,0,0,1,1,1,0,1,144.99218599709417,-19.252908549831435,13.964981686950004,0
53409,5.897441273051157,1.148901275216925,25.221565849592004,93.18596847130355,90.08309734072488,87.5683045451846,15.01400691876016,25,126727,37,0,0,0,0,1,1,0,1,141.92313096334755,-18.29345576293178,17.150001393829324,0
53419,5.453076828141155,1.0506291920034043,24.89383814568851,93.85422720068428,89.84677394810004,87.50143299695148,15.0121690055296,19,126746,36,0,0,0,0,1,1,0,1,136.30314002918152,-21.744352279381957,16.42173672698683,0
53430,5.632787697747469,1.1232612753988356,25.148579904715113,93.20341729817777,89.8436764895513,87.62169930505567,15.010440792765177,9,126755,35,0,0,0,1,1,1,0,1,141.86774525777716,-23.186230609073693,15.179191698871882,0
53440,5.797278275171216,1.1403853366952497,25.10010567048571,93.11217441510438,90.55219598382999,88.01219099652636,15.008833114464643,0,126755,37,0,0,0,1,1,1,0,1,142.28653008575168,-16.832431004162085,18.112990098658056,0
53451,5.385364176904306,1.0983833197906978,25.228438281625067,93.46672330120532,89.84405024291564,87.8460498358665,15.007327121340673,41,126796,36,0,0,0,1,1,1,0,1,140.74019594107483,-18.026168856223087,19.204529657587205,0
53462,5.402785452688079,0.9995286227927501,25.163831060263366,93.89411676508793,90.39708439953999,87.64469463683238,15.005957629874597,34,126830,36,0,0,0,0,1,1,0,1,139.11919210490123,-25.55364819786287,15.466081492811949,0
53473,5.595423219385003,1.0058555392125657,25.187922448940732,93.91934398071659,89.6520619576177,88.11822049388047,15.004738651053827,12,126842,34,0,0,0,1,1,1,0,1,137.59777139514702,-18.91383178784261,14.252457974590467,0
53483,5.778882704030302,1.011668689356977,25.04253423054586,93.06507960698292,90.07447598706776,88.09735780245555,15.003692915903997,17,126859,32,0,0,0,1,1,1,0,1,137.12629713125733,-18.30003206001774,14.800617265522611,0
53494,5.536863074199974,1.0469821189740376,25.137230370752786,93.79470615223254,90.27754359100605,87.44485901127113,15.002755869108654,9,126868,32,0,0,0,1,1,1,0,1,141.39310049847447,-22.029655628551616,19.921804459059548,0
53504,5.812811810107372,1.1721134042364514,25.149760577926845,93.11629006846862,89.70228387379404,88.0158871284107,15.001959149852972,50,126918,34,0,0,0,0,1,1,0,1,129.82626390449514,-18.551913208472556,16.14157939332412,0
53515,5.65524156703599,0.9982761718625226,25.02355708334554,93.55681346049619,89.76226872026614,87.57641982509115,15.001284529357388,47,126965,34,0,0,0,1,1,1,0,1,130.52814539117662,-18.805589310535876,15.428728585213676,0
53526,5.264400104534421,1.0212847449010662,24.986813579783036,93.91393994194956,90.53032014638401,87.93541769858852,15.000767769178552,10,126975,33,0,0,0,1,1,1,0,1,131.8135591324888,-18.80549520214575,15.391489096092057,0
53536,5.2394614914881315,1.0941602950114484,25.053331176474178,93.3935051841795,90.52923633822527,87.90580089864322,15.000383466075533,43,127018,34,0,0,0,0,1,1,0,1,140.79608925372725,-21.995479378301646,15.750650371651101,0
53547,5.707481404352658,1.0670021437573893,24.98663474734807,93.35266620683424,89.96050692941428,87.67959489631038,15.000132523093267,37,127055,36,0,0,0,0,1,1,0,1,133.05706987227398,-20.78449458995066,17.426574634954022,0
53557,5.743400241157383,1.0304014048903247,24.873625292930168,93.13733195469429,90.45603409776312,87.8595858077697,15.000010265208854,43,127098,34,0,0,0,1,1,1,0,1,132.2874501920577,-24.650876600361137,15.186345965033972,0
53568,5.308342001881882,1.1394869912677577,25.11397406558432,93.64518041873407,90.29949142220546,87.61568011722986,15.000026099836333,33,127131,36,0,0,0,1,1,1,0,1,146.35250757748196,-17.08299390419736,17.740133513473403,0
53579,5.320464311545536,1.0793482358626574,25.23862064273853,93.27585139490701,89.67564606658267,87.82516930809564,15.000177997351425,16,127147,37,0,0,0,0,1,1,0,1,143.4454500635825,-26.276784273944678,17.965303241876452,0
53590,5.566466330003099,1.1053482074662817,25.065102044896,93.60351854593306,89.7464980275667,88.12242601929304,15.000475779221514,37,127184,39,0,0,0,1,1,1,0,1,144.8664155493537,-18.68168210216743,16.298690714049503,0
53600,5.184873437222272,1.1459809332157158,25.0404140429183,93.4678592771803,90.15271847405947,87.97118583147122,15.000905117060562,18,127202,40,0,0,0,1,1,1,0,1,136.6837968394167,-24.90745171171678,16.189160005566254,0
53611,5.652334148965021,1.0429023849378052,25.214733188550664,93.41364945550112,90.46536661014753,87.81067117711275,15.001476534783887,49,127251,38,0,0,0,0,1,1,0,1,141.44526431254548,-17.09926618778808,14.964029290985014,0
53622,5.486703370371286,0.9664250352321173,25.12367579325467,93.46945370848997,89.8970278074312,87.50079660719413,15.002166141144286,22,127273,38,0,0,0,1,1,1,0,1,135.9178481072728,-20.238932249654184,16.650930585389773,0
53632,5.5554677258408045,1.1156332530649342,24.94056186153489,93.38451972738204,89.92126156673598,87.94680352385063,15.00301104962455,24,127297,37,0,0,0,0,1,1,0,1,137.11477759374418,-16.520024063822,18.53834339332952,0
53643,5.64299542292929,1.0265546870516729,25.207389911475357,93.06231031534182,89.77685001116838,87.35983255108701,15.003973273946777,28,127325,36,0,0,0,1,1,1,0,1,127.02636256051088,-20.29090460371488,15.5729097592757,0
53654,5.509320706316473,1.0211451149981532,25.147867255961195,93.04151468086039,90.4720209058348,87.49139683088181,15.005094200195806,48,127373,35,0,0,0,0,1,1,0,1,143.88450263271585,-25.804282716847467,17.882239360157676,0
53664,5.238004319963376,1.0647768412435856,25.27238358136747,93.73876578501138,89.74781026766728,87.58057710324826,15.006303092038163,49,127422,37,0,0,0,1,1,1,0,1,130.24573491460873,-19.938557483738087,18.725644171068403,0
53675,5.325290601151626,0.9669515495067428,24.992746068589575,93.31080547080465,89.6073922291821,88.12647176136946,15.007706913732502,41,127463,36,0,0,0,0,1,1,0,1,136.2920322160288,-24.016335419825072,16.22711106157245,0
53685,5.5385033592655715,0.9986352591137391,25.22417807515079,93.46898167011986,89.70277069917461,87.858004169529,15.009214791588011,29,127492,38,0,0,0,0,1,1,0,1,135.21885608107266,-25.953704045519878,19.116657995804434,0
53696,5.195107185455939,1.1247674861042776,25.082285352009578,92.96881049836098,89.85718804650227,87.87628279448674,15.010877724415657,50,127542,37,0,0,0,1,1,1,0,1,145.16853160940704,-16.898694331903574,18.564984434601364,0
53707,5.112361970504321,1.0743077210887135,25.217622510828576,93.8531482757888,90.5200278800667,88.14289344615099,15.012688646079788,39,127581,37,0,0,0,0,1,1,0,1,138.86865217815756,-20.02257810697228,17.13728133066629,0
53718,5.663778311908734,1.0352905457611583,24.936246686222756,93.48058380886829,90.02887138097557,87.53293664153632,15.014612101808495,30,127611,37,0,0,0,0,1,1,0,1,125.06517205319511,-20.56389687807767,16.757724018632338,0
53728,5.360525342903106,1.1070420582920533,25.090395977905402,93.76073036211992,89.87544564995497,87.6007589800727,15.016661146875013,46,127657,36,0,0,0,1,1,1,0,1,133.30209352895517,-17.502939438788346,15.979321322499192,0
53738,5.268084768013747,1.1386977093996609,25.23679328048156,93.63606545417288,90.35979924558204,88.04814098490378,15.018792826807001,35,127692,36,0,0,0,1,1,1,0,1,139.0675511982314,-23.42947788835725,16.945869171679732,0
53749,5.0802490561900795,1.0996687494878647,25.020963397984612,93.70549387903178,90.16955456970663,87.28833404881725,15.021110979001378,8,127700,34,0,0,0,1,1,1,0,1,144.09225011722486,-19.397198370716968,15.501421363248877,0
53760,5.377784725713211,1.1406814254510687,24.944969017646017,93.50571979271896,90.15152700240837,88.17042924110174,15.023581043789548,43,127743,33,0,0,0,0,1,1,0,1,136.49242035199447,-18.264989261440114,19.6429070994041,0
53770,5.539986002387838,0.9873204939309114,25.010572122912105,93.73269334321257,89.96993073344163,87.21015393094517,15.02619831145017,12,127755,35,0,0,0,1,1,1,0,1,132.86282363674204,-21.755169498129582,18.817569215050085,0
53781,5.629753707756476,1.0471889572950088,25.306508123210687,92.98509397847478,89.75346482655392,87.64893973498896,15.02893807933437,32,127787,37,0,0,0,0,1,1,0,1,126.42597316378935,-17.540653106585843,15.486440226416596,0
53792,5.227778989183887,1.0067649799492424,25.190288391536996,93.25874857673323,89.56521157991875,87.38516366376373,15.03176850864876,38,127825,39,0,0,0,1,1,1,0,1,125.22440692167608,-22.70291013075735,17.583938153598968,0
53802,5.406245570067162,1.1072504215070889,24.963168921686513,93.01881523701508,89.81327863330874,88.13726291937887,15.034815735471721,2,127827,39,0,0,0,1,1,1,0,1,141.46895762528771,-23.064476292349703,19.95964564029155,0
53813,5.3486594300452825,1.1303882067739743,25.139735211230644,93.49731525507325,89.66733042137773,87.48828346035957,15.037863827478358,37,127864,40,0,0,0,0,1,1,0,1,125.54236299492689,-21.49777120390756,17.62016153049187,0
53823,5.394299910041074,1.049205933676868,25.090215033071274,93.2649058137777,90.22894659530722,88.02217105215905,15.041080949850635,27,127891,42,0,0,0,1,1,1,0,1,127.9705099641954,-19.963835149702128,18.23694385250364,0
53833,5.447974855713866,0.9824410882368023,25.00103593043327,93.38780622605289,89.71603441911981,87.60330046249197,15.044390387610395,28,127919,40,0,0,0,0,1,1,0,1,138.76829289352293,-23.456662453077747,14.91057471249836,0
53844,5.083257065436375,1.000616419197402,25.207065899090324,92.90008802329072,90.03989875558237,87.89623284257297,15.047906754998863,18,127937,40,0,0,0,1,1,1,0,1,122.7692285927388,-18.984604904878367,17.5863544848365,0
53855,5.475309959887732,1.0094400669526091,24.968814870875388,93.70840850584992,90.43930945094029,87.59639995199274,15.05163132839174,33,127970,41,0,0,0,0,1,1,0,1,132.7684383699856,-20.783599931238463,19.18416661003446,0
53866,5.01532446759748,1.015496311408592,25.270779113975927,93.16908496172765,90.28678427607349,87.1887359836377,15.05550998034057,11,127981,39,0,0,0,0,1,1,0,1,138.3941862514052,-24.439809087774645,20.29104970574233,0
53876,5.260943429774333,0.9443540906310368,25.23694684725203,93.47183496595815,89.65960369110392,88.0618547779811,15.059470242696765,42,128023,38,0,0,0,1,1,1,0,1,137.26544516493945,-19.966537869839872,20.361546443363224,0
53887,5.5661246455229385,1.0939414184571405,25.3606863221988,93.52958420740146,90.41376325379143,88.13182491780194,15.063580956955082,47,128070,37,0,0,0,0,1,1,0,1,129.93946749865847,-19.93010404129621,15.035905850288291,0
53898,5.30995054689299,1.1228456094181791,25.13893083049756,93.14373760285902,90.32666165412843,87.59601926322124,15.067868307191159,47,128117,37,0,0,0,0,1,1,0,1,131.44840378514837,-16.12924214436623,16.145015300177935,0
53908,5.444260528086686,0.9754768542675805,25.24805378077608,93.61314953410098,90.38757963627967,87.47179802489282,15.072165604041633,24,128141,38,0,0,0,0,1,1,0,1,136.86143731723035,-22.124306413262637,15.223556881535943,0
53919,5.0477156093845945,1.1138360564276748,25.09658858507732,93.83670665551651,89.56879420554483,87.65092784476654,15.076674038221974,29,128170,39,0,0,0,1,1,1,0,1,140.99711897929654,-17.662773809733395,15.430764432587683,0
53930,5.155161633318033,1.0409413907994907,25.172012331070697,93.68468083112519,90.35622848850907,87.32505515293656,15.08136025755972,45,128215,40,0,0,0,1,1,1,0,1,127.93764891121218,-21.195801521294424,20.61057334221671,0
53941,5.43795134753275,1.0949403730133598,25.028037953339094,93.03276010062413,90.22477278569505,88.12235189834583,15.086190909090945,42,128257,38,0,0,0,0,1,1,0,1,131.410141649368,-21.761810471004928,17.098166390880223,0
53951,5.089888417580483,0.9553439615352619,25.027420870943775,92.86425157870106,90.34020349533215,87.39328229120414,15.091048809681539,38,128295,36,0,0,0,1,1,1,0,1,125.9942004178257,-17.233874831516676,19.663931796403446,0
53962,5.435241278304257,0.9452933890175659,25.188665601367326,93.5934749006617,89.72699442213344,87.29693537079677,15.096157401632095,17,128312,37,0,0,0,0,1,1,0,1,124.26909389145723,-15.987557436915795,20.886042928552797,0
53972,5.088855124032873,1.1159239020834224,25.060250568607373,93.10911440696908,89.72187038532154,87.64879365130099,15.10126445682424,43,128355,37,0,0,0,1,1,1,0,1,126.98319543560622,-21.28955818371024,15.188531929599657,0
53983,4.957714507450072,1.0511595403595195,25.036736712926484,92.93359492178934,90.1841361890674,88.11558166130787,15.106538105356883,40,128395,36,0,0,0,1,1,1,0,1,123.87370253492801,-18.21515774542484,18.229823924596076,0
53994,5.045972314378427,0.9672723018952809,25.19274760696834,93.2114255733672,89.70517347997333,87.56806187797824,15.11199389385354,1,128396,37,0,0,0,0,1,1,0,1,125.87337675565816,-21.901214484989676,17.959545134045246,0
54004,5.019300583036195,1.0748216682346223,25.08549209557185,92.89731574233973,90.05826197474916,88.11598553939405,15.117529603177758,20,128416,39,0,0,0,1,1,1,0,1,121.3262007446821,-24.537659558895825,20.16054117554597,0
54015,5.42089308560666,0.9975974477421311,25.035473531675805,93.78340898225014,90.3061174078814,87.6612658389457,15.123326304901418,2,128418,41,0,0,0,0,1,1,0,1,123.65144985861104,-18.183157634049117,19.017296961978698,0
54026,4.903755955942137,0.9248835766417851,25.15996615949237,93.06552411876577,89.62668700367274,87.76359482896584,15.129278559078575,7,128425,41,0,0,0,0,1,1,0,1,122.81033885303748,-16.057036085193793,16.26966363022323,0
54037,4.895466993667117,1.0545019631875998,25.03630424762103,93.5674999862581,89.51505327232357,87.3562513615112,15.13548428366817,49,128474,41,0,0,0,1,1,1,0,1,119.41308045370184,-23.93552135269012,21.04541366158442,0
54048,4.905779846211814,1.001696006687132,25.389228500636047,93.82552272643031,89.84228188154579,87.72972197856453,15.141706795639216,28,128502,43,0,0,0,1,1,1,0,1,138.6364446398674,-23.19852757429346,18.58808989136073,0
54058,5.030926319153979,0.9900575300791907,25.371706524672227,93.57228802227189,89.67692666769777,87.62772009764566,15.14801445233094,50,128552,42,0,0,0,1,1,1,0,1,128.64148306046212,-20.13633047731782,20.301987365267756,0
54069,5.1552741554832675,0.9566620426209772,25.395533008858795,93.78901277643949,90.47311409649602,87.91781688847638,15.154475922835353,21,128573,42,0,0,0,1,1,1,0,1,125.75398835024922,-16.506400323053988,16.836388540126286,0
54080,5.182626216579258,1.0281508927463863,25.363309012559373,93.55262013379888,90.43099318577457,87.82493514715448,15.160982705044841,28,128601,42,0,0,0,0,1,1,0,1,130.64101892749076,-20.597439046471788,19.14916338817844,0
54090,5.404321494555119,1.0578950431691045,25.318526333694848,93.2092137734195,90.01851768403628,88.09504531740419,15.167605072997233,16,128617,40,0,0,0,0,1,1,0,1,120.59486748626902,-24.805419793502338,16.008502788593987,0
54101,4.990961120911116,0.9435689680687294,25.411821834316367,93.08086996928768,89.95641084447556,87.9534456548479,15.17435345634765,39,128656,42,0,0,0,1,1,1,0,1,128.9860097163892,-20.14435267989261,16.506761465476426,0
54112,5.232764931118363,1.042521331176376,25.354402756590304,93.17732202156874,89.7990567516871,87.38751172768097,15.181406121244912,39,128695,40,0,0,0,1,1,1,0,1,133.04351982929072,-21.170298881549655,19.479686611041778,0
54122,5.279975370041744,0.9722493127497742,25.240053598623597,93.7054986968384,89.9892663825454,87.58697973243906,15.188373715602808,25,128720,42,0,0,0,1,1,1,0,1,126.87641750131834,-21.949516728845907,16.865533189531,0
54132,5.130705114579641,0.992949674539883,25.298688980928137,93.4835221088673,90.01546825120943,88.16289042997252,15.195435017520843,35,128755,41,0,0,0,0,1,1,0,1,122.90254645571235,-23.18956887498486,16.27910408390702,0
54143,5.393008112893362,1.0607981049954878,25.244421648802053,93.59771972648741,90.45279191615803,87.51135569623108,15.202617014865737,41,128796,39,0,0,0,0,1,1,0,1,130.29315414047312,-16.27251154676387,18.681976270688963,0
54154,5.1642169283966926,0.9293348741921882,25.18880187659092,93.67020721432199,90.48253262030455,87.31419519703194,15.210234550310545,45,128841,41,0,0,0,0,1,1,0,1,130.9189459283821,-19.706650710778433,21.254563849766775,0
54164,4.863778374589197,0.9401952344148575,25.215057463068646,93.44020683747796,90.09513067335298,87.33107569421408,15.217783564771345,25,128866,39,0,0,0,1,1,1,0,1,120.56188817872007,-23.691257098681582,19.84073978651662,0
54175,4.91008630313976,0.9405098870342856,25.17543422125013,93.38858443839477,89.63263700347603,87.41542433210097,15.225558026338987,33,128899,37,0,0,0,0,1,1,0,1,127.62550228227974,-24.748490731145836,16.67626800158392,0
54185,5.144730369585171,0.9299197410423651,25.412679976130093,93.59119023053206,89.69859258759733,88.00032779575984,15.233361804600076,34,128933,39,0,0,0,0,1,1,0,1,118.03879840936398,-16.53910858021809,18.983358146505523,0
54196,5.221244780424878,1.0479887248614561,25.083823707793652,93.23872485141344,89.8025338683195,87.56946164330023,15.241211403363433,21,128954,37,0,0,0,1,1,1,0,1,126.35576117973261,-23.870376418278063,19.862098224191044,0
54206,4.780710814232513,0.9160449720581848,25.238532380851293,93.7383212710555,90.24634846019666,87.63304675268641,15.249308636506466,21,128975,39,0,0,0,1,1,1,0,1,132.89653980926693,-22.667910660602008,16.5585501303935,0
54217,5.03662746756833,1.0480186884822487,25.22567170802687,93.44967885459842,89.99184736080963,87.59952464177819,15.257608746956993,43,129018,41,0,0,0,1,1,1,0,1,132.0369253609931,-15.365232917406518,21.308853589203668,0
54228,4.790353152970577,0.9098646491490199,25.413031517517588,92.87916000618253,90.42286548275302,87.64686155339551,15.266022884886564,0,129018,41,0,0,0,1,1,1,0,1,118.57418694826023,-22.505766098721665,19.51434160284317,0
54238,5.16403256475173,0.9360086417452289,25.27028086215139,93.12936043820338,89.58790755143794,87.85962827059373,15.274584755828094,2,129020,42,0,0,0,0,1,1,0,1,134.08613703605081,-16.04330101382506,16.60536554470299,0
54249,4.747275399229188,1.018675502071017,25.256439220401344,93.59833763837321,90.29967741619359,87.71454477700307,15.283263165456944,33,129053,43,0,0,0,0,1,1,0,1,133.7357815078261,-21.394925217389527,20.758379904338486,0
54260,4.8449551725917015,0.9855315491166804,25.255415095626184,93.37941513016978,89.86760902525258,87.15738829900383,15.29228207694825,49,129102,43,0,0,0,1,1,1,0,1,122.58635774237077,-19.23459123137197,20.828144627916572,0
54271,5.254562997057323,1.0776074005341865,25.460509594346906,93.63214365546668,90.43919402957191,87.6113254285411,15.30121470671305,29,129131,41,0,0,0,0,1,1,0,1,132.64281277402853,-18.773906583758503,20.52247261212003,0
54281,4.941622687988063,1.0543710588453465,25.19656847380986,92.87128770995696,90.27255263855508,87.9895265062952,15.31048675311126,26,129157,41,0,0,0,0,1,1,0,1,132.14221032015527,-17.37664103201471,18.895762927609674,0
54292,4.70024994701939,1.0110806432710833,25.334578792574938,93.18770247903656,89.4857262221911,87.599545098903,15.319736534371238,17,129174,39,0,0,0,0,1,1,0,1,119.90099656876113,-17.870343816558808,19.956694723071674,0
54302,4.780739660270542,1.0598109493773022,25.38854145583126,93.7195201730744,89.68395159914522,87.22448061441294,15.328880911753576,28,129202,38,0,0,0,1,1,1,0,1,119.12101914021179,-21.160322764755968,15.98405762965699,0
54313,5.012922206715282,0.9128257270561745,25.107461248249106,93.63698314772405,89.87842400530967,87.92822731655323,15.338213681627636,27,129229,40,0,0,0,1,1,1,0,1,124.15386095450464,-22.56559264137578,18.51885458170443,0
54324,5.148960393537938,0.9954172683254674,25.439652428841228,92.86970500036334,90.45996082975049,87.66445016133808,15.348594794156273,4,129233,41,0,0,0,1,1,1,0,1,128.08728322277418,-23.686471905050237,16.241809334838777,0
54335,4.869943470625873,0.9172511818112248,25.32161785674805,92.92191021471025,90.36222145687765,87.33553772554181,15.358257196412442,13,129246,42,0,0,0,0,1,1,0,1,121.8820906739513,-24.48723870760523,15.954102475494683,0
54345,5.205566070499071,0.9783378572577177,25.185530225688566,93.28091432104172,89.95768612185257,88.05546052550767,15.36793562191335,36,129282,41,0,0,0,0,1,1,0,1,126.674985078725,-22.666282751014688,20.75108195847451,0
54356,5.15366260120505,0.8913493805475657,25.254074733007847,93.11787742636768,90.41337291228338,87.81714422940466,15.378237302128426,15,129297,40,0,0,0,0,1,1,0,1,125.93852323649881,-14.90024859916703,18.34970040172887,0
54367,4.923844182471147,1.015541201257278,25.285653235883014,93.47449596319808,90.31065380638418,87.44313191651852,15.388395740031005,43,129340,38,0,0,0,0,1,1,0,1,120.48034593056174,-14.570282707389612,21.451364607846266,0
54377,4.758907358556206,1.0488660576373854,25.423644807613076,92.8222730957311,89.8242744480371,88.13491001064875,15.398667679709511,48,129388,39,0,0,0,0,1,1,0,1,125.9162508729825,-21.727609052454017,21.394995533962444,0
54388,5.212347779693944,0.8836898668681525,25.464842815802694,92.88313609117334,90.08436787333248,87.57308444162058,15.409202507301558,3,129391,39,0,0,0,1,1,1,0,1,122.6731772052738,-16.17027810743997,17.81991746445347,0
54399,4.709553495556817,0.919868037212001,25.293711883592966,93.19405010334015,89.87469716273263,87.95476677540148,15.419520862309227,31,129422,41,0,0,0,1,1,1,0,1,131.35299481165933,-15.469677716430835,20.566686525918648,0
54410,5.014360849403141,1.0056786623296368,25.135289573547865,93.04269641742937,89.55735578301295,87.16975403591437,15.430531421368322,45,129467,43,0,0,0,1,1,1,0,1,118.90775652117104,-24.115746504188856,16.28334203451773,0
54420,4.609406093104793,0.9803303502303202,25.298877990666078,93.18047743871999,89.86489189489973,87.31478861891202,15.44131140771497,27,129494,42,0,0,0,1,1,1,0,1,129.14805161086483,-22.909115557949306,18.843109254883736,0
54431,4.781905257446944,0.9629427521239521,25.48100237644132,93.62301377698073,89.5118400456874,87.62561177146209,15.452046041099045,44,129538,42,0,0,0,1,1,1,0,1,119.02983654531772,-17.199699627359855,17.06128987963528,0
54441,4.742787185827237,1.0141869604838623,25.288611424186758,93.11901450295484,89.94744274090903,87.3032998038356,15.463150275245276,41,129579,42,0,0,0,1,1,1,0,1,118.07927437720173,-16.998042511710317,16.466534092187178,0
54453,4.969422055836768,1.0613448539952357,25.42252164265757,93.13523582728537,89.8804071849385,87.6217907366539,15.4754438799716,12,129591,43,0,0,0,0,1,1,0,1,114.79340782163223,-14.792204683796031,16.78265367237322,0
54463,5.0053465556691155,0.8753529346470704,25.45987921508434,93.48966331719538,89.75010509240218,87.88962139286889,15.486779115058997,34,129625,44,0,0,0,1,1,1,0,1,126.5740801930713,-19.323953686493027,18.292075759389576,0
54474,4.683056950847323,0.9451086277237116,25.187256925955726,93.4072900374384,89.57790401724928,87.14919045552543,15.498243147011724,18,129643,45,0,0,0,1,1,1,0,1,127.60737507018708,-16.435332710336112,16.229252231522736,0
54485,5.109616573289149,0.8784821657634205,25.174161218475902,92.78870593567657,90.1199815501484,87.25742435989183,15.509838425361774,38,129681,44,0,0,0,0,1,1,0,1,122.19164104533125,-15.758227372455716,17.239085734545107,0
54495,4.9545338114024045,0.9138956857271626,25.47752688645531,93.6001201587083,90.38764797050334,87.54066576667188,15.521327455917085,21,129702,46,0,0,0,1,1,1,0,1,125.46831541011147,-19.99861508861923,21.569316615274474,0
54506,4.671159328681353,0.9366558272949074,25.43246701511878,93.354639403662,90.26092631013537,87.55282831520462,15.533209959375139,35,129737,45,0,0,0,0,1,1,0,1,115.7430170391803,-17.986249250853188,21.82250205022058,0
54516,4.864272586977567,0.9766700083008965,25.496446945143227,93.64985865241155,90.40135201315852,87.65844730309415,15.5451189980745,4,129741,46,0,0,0,0,1,1,0,1,130.04836027011143,-14.270823831423616,20.678595528021724,0
54527,4.602095716217801,0.95907687085058,25.35004407729162,93.73122540020098,90.24089912762818,87.92460221377104,15.557098249407392,36,129777,45,0,0,0,0,1,1,0,1,122.12025351526334,-21.60397490703125,20.205955065880644,0
54537,4.963671823009495,0.8656580704518242,25.266646867159828,93.59553871305998,90.26677357707433,87.6253453011237,15.569635311547106,25,129802,45,0,0,0,1,1,1,0,1,127.07053765988479,-20.824863032816058,19.036878672835417,0
54548,4.8394968636405515,0.9877204514937327,25.333549022652686,93.07669867660084,90.0583079673514,87.75156498221735,15.58196754528407,12,129814,47,0,0,0,1,1,1,0,1,128.49322814136417,-20.23409276026662,18.917241145021674,0
54558,4.744180645899611,0.9736138697361534,25.55176350360482,93.13977853345695,90.0179373304926,87.3662731347276,15.594494578954276,48,129862,46,0,0,0,1,1,1,0,1,126.24727878699409,-17.42689824084268,17.937762842615747,0
54569,4.557493941339067,0.9266939537484797,25.434774646851032,92.9389110648695,89.67506558385496,88.10787699569319,15.607518224749416,45,129907,45,0,0,0,1,1,1,0,1,116.23598670306048,-14.892055426153657,17.189715228383434,0
54580,4.536555780697217,1.0478139947410858,25.53025236318227,93.46749103548636,90.11491945169908,87.78866398500945,15.62040915197024,39,129946,43,0,0,0,1,1,1,0,1,128.8402713894114,-14.037985904068432,16.90272395154425,0
54591,4.8631956171368245,0.9911190176402579,25.31705740957234,92.83823838017939,90.13089464147917,87.40630513288757,15.63368694414184,22,129968,45,0,0,0,1,1,1,0,1,120.42717150518173,-23.973045937811627,19.38421144692733,0
54602,4.988045425164541,0.936660080733487,25.407765079449547,93.73514848150155,90.30326017781573,87.36709744739983,15.646918824489369,41,130009,44,0,0,0,1,1,1,0,1,127.59390078221442,-16.38309962792119,17.647836181768305,0
54612,4.7769495040629,1.0077285869013124,25.249378441001667,93.11357371639664,90.21581685698392,87.3975518581194,15.660263834743596,42,130051,45,0,0,0,0,1,1,0,1,115.93834705655259,-18.188684240751044,20.564980377508054,0
54623,4.7905386452604475,0.9702391088110434,25.22984635118862,92.87880507215372,89.65533161734658,88.08427857205551,15.673769784352068,21,130072,45,0,0,0,0,1,1,0,1,125.45411894108915,-14.47432517031843,21.57575778140478,0
54634,4.5269964043560575,0.9618597434336477,25.38602448052518,93.66992824499962,89.50708407764871,87.80702558897084,15.687520216079818,46,130118,47,0,0,0,1,1,1,0,1,116.93896852392179,-22.916919850440514,19.151656828631324,0
54645,4.731335619782285,0.8973854647494824,25.560104963430103,93.61132686405864,89.74453426546012,87.47493432689504,15.701497410879849,20,130138,45,0,0,0,1,1,1,0,1,124.28405853080112,-20.030368009687336,21.74969591078193,0
54655,4.828684125952341,0.8941770016189435,25.508100607372253,93.48632645589106,89.62417376796809,87.97768982840421,15.715062083710745,34,130172,43,0,0,0,1,1,1,0,1,126.99742958203731,-16.87352852429559,18.74006598900985,0
54666,4.54923085345611,0.967562250334046,25.23483006572936,93.72670570588375,90.17642434969565,87.9462284596003,15.729006429366613,28,130200,45,0,0,0,0,1,1,0,1,127.00265526914274,-22.728313235962283,20.38644189981032,0
54677,4.978783976831339,0.849593027647017,25.230146654597174,93.02364497621924,89.44173941209982,87.19223424577646,15.74328975786258,47,130247,47,0,0,0,1,1,1,0,1,111.17178205109312,-22.25480426891333,18.474443076093834,0
54687,4.846280625362701,0.9535010009035672,25.499653688434307,93.25893936756988,89.95393486206001,87.14259557522792,15.757124416296044,34,130281,47,0,0,0,0,1,1,0,1,110.6124802005561,-20.066211118509596,19.566284455418966,0
54698,4.533081858279872,0.8973064627127542,25.39904450991123,92.91427778560916,90.41344830998665,87.83262676904769,15.771498492529421,35,130316,48,0,0,0,0,1,1,0,1,118.55522021578598,-21.705895459016073,20.970214176874443,0
54708,4.796008828627368,0.9795921073184064,25.360106485265575,93.56362700866623,90.36793128465362,87.21925572025577,15.785786390374593,3,130319,49,0,0,0,1,1,1,0,1,113.65615975626748,-22.31291960117676,21.586119113511558,0
54719,4.447258429796482,0.9412610395615955,25.417325609362052,93.72344881005787,89.70023011565294,87.2148540129095,15.799897777542245,41,130360,47,0,0,0,0,1,1,0,1,109.03045728175634,-13.725014939689494,20.665831227302878,0
54729,4.793095784310184,1.0057559292691696,25.47300594718119,93.02856181803764,90.23576657760039,87.92245834133719,15.814664375164497,46,130406,47,0,0,0,0,1,1,0,1,113.79057952142887,-17.52354748034991,17.484868823898154,0
54740,4.694478337630398,0.9799588641978318,25.307660060096612,92.73901043210462,90.17439602293477,87.33981951594845,15.82974523334953,23,130429,48,0,0,0,0,1,1,0,1,121.65262741096757,-17.899739044203763,20.005388015339406,0
54751,4.935688402609607,0.8413881254207356,25.499207640765963,93.34280741567173,89.89214393626263,87.64453126307808,15.844670859724875,11,130440,49,0,0,0,0,1,1,0,1,116.81537310967443,-14.006488683705498,22.421836983367086,0
54762,4.409935376760071,0.9071325364207503,25.579623238310038,93.44583758504058,90.35700655078651,87.66816060460826,15.860129216798342,30,130470,48,0,0,0,1,1,1,0,1,111.48634893231817,-19.292553395216654,21.22604363589004,0
54772,4.379824323083667,0.9526784271982442,25.32623872738289,93.63309944332312,89.97882971262548,87.56574621950418,15.875619670632783,9,130479,47,0,0,0,0,1,1,0,1,121.01711156373831,-18.885967816217082,18.25179508476324,0
54783,4.717208390435278,0.8880571263728462,25.32719970244132,93.68393136912235,89.51300259235545,87.68278630280152,15.890858373861931,46,130525,46,0,0,0,0,1,1,0,1,111.24507366968223,-20.55636327645682,21.06570780124568,0
54794,4.450262379886805,0.9530908555544162,25.576863722573126,93.06969730649271,90.26437664072778,87.50810518213918,15.906290049139333,21,130546,45,0,0,0,0,1,1,0,1,116.86378303551396,-20.344275206819006,21.59822058345163,0
54804,4.546265820582097,0.9526771198203208,25.2991032043008,93.60574595316035,90.3331101980023,87.62842694498755,15.922083747335897,30,130576,45,0,0,0,0,1,1,0,1,119.43878041348027,-20.784926701707143,19.238474075313455,0
54815,4.494997523696691,0.8559149778542768,25.342794669750596,92.7272525316938,89.84930436288592,87.18712057464843,15.938072065443215,25,130601,45,0,0,0,1,1,1,0,1,116.26267514806156,-14.00350972798832,19.651106438939163,0
54826,4.622495105387825,0.8282015890646004,25.577195395947758,93.0360891694075,89.8062080672311,87.42058437963573,15.953679558175228,14,130615,46,0,0,0,0,1,1,0,1,112.09529192848996,-19.71687273510639,17.18562317512356,0
54836,4.798194720150344,0.9931529992360957,25.50329763068347,93.65359152745638,90.19411662732723,87.66902778010153,15.969567753759872,17,130632,45,0,0,0,0,1,1,0,1,122.16843267717759,-16.40796384887198,19.53745293509776,0
54847,4.514852803637972,1.0114043349311916,25.41670644105696,93.67074438206856,90.27151335975113,87.9018334107504,15.985633036478852,30,130662,44,0,0,0,0,1,1,0,1,123.29675683198121,-22.30882488453456,18.88719408882305,0
54857,4.38212187473884,0.86840327996386,25.317892421808306,93.58502865143608,89.4608492177064,87.71402142175606,16.0017122618877,27,130689,45,0,0,0,1,1,1,0,1,105.37772691822265,-16.944519130749246,17.86128535654312,0
54868,4.5052795119691345,0.896060692109286,25.402983840405334,93.66242818959158,89.7004501924357,87.47588453226138,16.017951871155915,47,130736,45,0,0,0,1,1,1,0,1,110.52881098079324,-18.31233944957642,21.755125860082202,0
54878,4.357335059720046,0.9463251982281297,25.270988698191427,92.72957753711813,89.63913869192565,87.8746118259927,16.034274731127876,22,130758,44,0,0,0,1,1,1,0,1,120.69762097145653,-19.7581611548499,19.090529814565148,0
54889,4.512594777917098,0.9268728283648587,25.497533487532674,93.6788067703062,89.80408573883196,87.14145272739917,16.050820448739913,44,130802,46,0,0,0,0,1,1,0,1,119.85037474661274,-17.86212382020846,20.477783207241973,0
54899,4.465550923565153,0.8995303630682902,25.27334837906973,92.7697412352685,89.99594619151206,87.35771032320201,16.06755599622943,42,130844,45,0,0,0,0,1,1,0,1,114.33797050658767,-17.72409758071048,20.274824951516322,0
54910,4.269518097645451,0.9590968633901024,25.499205971985972,92.83450142296527,89.61919427160305,87.38119893516722,16.08440114566552,45,130889,44,0,0,0,0,1,1,0,1,104.49042015355275,-18.778960973129465,19.817450108349988,0
54920,4.774107011944906,0.9489184530756574,25.637449866228234,92.97082694584701,90.08062227469864,87.28261522836134,16.101040459750024,10,130899,46,0,0,0,1,1,1,0,1,107.6234407832302,-20.866363580688013,20.52737698907583,0
54931,4.554926210946588,0.96447278087546,25.45542030097555,93.51836333071758,89.72535782552453,87.973119574193,16.11820798599901,11,130910,48,0,0,0,0,1,1,0,1,116.74748672670727,-23.125996647750846,20.04164883723581,0
54941,4.4469337228917425,0.9962247557686073,25.436785383772587,93.63632636741833,90.36027166020278,88.08046474094078,16.135409486994853,45,130955,48,0,0,0,0,1,1,0,1,114.01924881902775,-16.848484336650895,17.37632080309874,0
54952,4.259603991446402,1.003162128542118,25.373417368775268,93.02883484822691,89.80791027575714,87.69859703840157,16.152620739289894,42,130997,48,0,0,0,0,1,1,0,1,114.55364209673587,-19.2750123925489,21.534550705736887,0
54963,4.668896093686028,0.8668473048322726,25.450207986951693,92.83147717060518,89.86285302826136,87.22971681503994,16.17020221279191,9,131006,49,0,0,0,0,1,1,0,1,113.05928328031187,-22.711167788337903,21.787241777437984,0
54973,4.716784161071023,0.8898119957575529,25.585964544551008,93.03965733150184,90.16561181903894,87.28271370482364,16.187884602542375,29,131035,51,0,0,0,0,1,1,0,1,113.02336770971927,-20.944878910835108,22.302064891589946,0
54984,4.392606666198099,0.9306318396658748,25.404851393770063,93.559733560617,89.57136058877185,87.35481456616412,16.205400620323314,7,131042,51,0,0,0,0,1,1,0,1,112.97291951491846,-20.00153021801333,18.848129063647125,0
54994,4.702282001906626,0.8193858655286486,25.58967936037097,93.12187418050675,90.07636643371303,87.72179043958185,16.22353668643697,25,131067,50,0,0,0,1,1,1,0,1,111.50642590929205,-20.427439184038093,18.65227048581246,0
55005,4.548155840388201,0.8947383056754546,25.695984601568956,92.80016792278013,89.74743608374044,87.13005996775425,16.241329223622213,6,131073,51,1,0,0,1,1,0,0,1,119.40187921010474,-19.730981609690318,21.46870480821488,0
55015,4.496026920511654,0.9258334243417021,25.559151757362393,93.3257244546598,90.26926916090625,87.34093692604743,16.25898460069918,24,131097,53,1,0,0,0,1,0,0,1,109.59388301180908,-14.836444087981217,21.33412188495708,0
55026,4.321430464073469,0.9390186634504682,25.494453430391065,92.76785560184496,90.14599621076677,87.24700768485116,16.277903424279845,24,131121,55,1,0,0,1,1,0,0,1,108.89261461485442,-18.386213545361336,18.715247876470862,0
55037,4.369236048143222,0.8745335453684653,25.518003187034513,93.16645170992622,90.14192615403041,87.58892239353953,16.296728088671102,5,131126,54,1,0,0,0,1,0,0,1,108.72559456415108,-15.077075246994873,21.19521807809155,0
55048,4.181356273474617,0.9767985847194939,25.39867154669535,93.50853522978417,90.21577957645289,87.74157751359617,16.315316128390016,20,131146,55,1,0,0,1,1,0,0,1,114.9726404899178,-14.597470772337497,19.675812933974427,0
55058,4.7575810728181835,0.8762692720033757,25.64574273529392,93.11607832698019,89.51309164510138,87.15061519382655,16.333918302552405,34,131180,56,1,0,0,1,1,0,0,1,107.58921929341484,-19.968287876379513,22.97706010577493,0
55069,4.730245135939507,0.8343209787434827,25.37011659494775,93.46719437016283,89.8291803007259,87.46201810941474,16.35313358685405,10,131190,57,1,0,0,1,1,0,0,1,110.03309979776138,-18.099502226119306,22.850603873682836,0
55080,4.664179838316194,0.9542217685074178,25.555076527536432,92.75800009429366,89.72730042493151,87.36699029234248,16.37242278024302,28,131218,59,1,0,0,0,1,0,0,1,114.78458221322965,-15.256103986883625,21.05882163165861,0
55090,4.728684164877663,0.8947645729332714,25.521140529602242,93.53647756806066,90.06804926767946,87.65872855981472,16.391901688644985,20,131238,59,1,0,0,0,1,0,0,1,101.33737602985738,-19.358837545449624,19.211903996606292,0
55101,4.50319746657588,0.8325358952732944,25.391119245192513,93.10135060129457,89.68953996962972,87.28768443417394,16.41121582001319,39,131277,60,1,0,0,0,1,0,0,1,115.29483417390779,-13.025470553940384,19.601870745667505,0
55112,4.195326472715817,0.8877911768974289,25.357188159121705,93.00845221145225,89.45293530176691,87.61051391556008,16.430842699512215,20,131297,61,1,0,0,1,1,0,0,1,104.79785785569509,-14.966055002512444,19.575330078360164,0
55123,4.3047492085535195,0.8085673730881356,25.67218690133714,92.91866531986402,90.05326107920442,87.42396669608263,16.45045325873086,28,131325,60,1,0,0,1,1,0,0,1,115.1759513477055,-21.848371311672473,20.955174386694406,0
55133,4.506051892487433,0.824352614813773,25.347431943714312,92.9238197952569,90.16932041680647,87.112660335951,16.469747686156982,6,131331,58,1,0,0,1,1,0,0,1,104.20219336377033,-22.337499717182638,21.28821109917265,0
55144,4.46282347095583,0.8883090606752114,25.711178427398035,92.95103903271988,89.64849059291335,87.28636590229772,16.489317714359053,27,131358,58,1,0,0,0,1,0,0,1,109.97390899229688,-22.10779999153778,22.34452613960559,0
55154,4.437178417522986,0.802709880690436,25.592379599690744,92.81374201497789,89.57088224941215,87.85397035516414,16.509027743871236,15,131373,58,1,0,0,1,1,0,0,1,102.62171900233695,-20.701065056569476,18.021304075145757,0
55165,4.392094675211263,0.8268423340492246,25.729135638122592,92.94201865479094,90.07488684673726,87.27874805730383,16.528830615029165,7,131380,60,1,0,0,0,1,0,0,1,111.1033507321129,-20.50238787817763,21.202450534807504,0
55175,4.505802512058222,0.8114900360806784,25.551584280167628,93.59124557594826,89.8923184267915,87.34389861558631,16.54902686796045,17,131397,59,1,0,0,1,1,0,0,1,118.21304282196797,-17.289586355273773,18.7263457527689,0
55186,4.152807253337112,0.8759009686704751,25.591633011563882,93.16807736371887,90.33726276345492,87.11823095087682,16.569086372170485,36,131433,58,1,0,0,1,1,0,0,1,108.12249123482322,-17.22971207137808,20.444738132618568,0
55197,4.4505123602655114,0.7778940559568576,25.629924158249608,93.18391299761943,89.57509295845854,87.44323426952421,16.589891721623523,25,131458,58,1,0,0,1,1,0,0,1,113.2982124892321,-17.570095559759224,19.198956636995877,0
55207,4.086692549322171,0.8662998265101225,25.39800787946104,93.07935003302177,89.78693235077307,87.61729414749432,16.610942258920435,41,131499,57,1,0,0,0,1,0,0,1,110.86794942743425,-18.05938605146431,20.813758050665534,0
55218,4.491456558843614,0.8028847021197392,25.669705487405146,93.05786678124016,89.67998818046405,87.23507862030011,16.631492172174468,21,131520,59,1,0,0,0,1,0,0,1,102.89302032064623,-21.423293846019867,18.90819994362223,0
55228,4.147778389963087,0.8080233715697993,25.490559755981412,92.75014487690379,89.7258650897796,87.19688809173746,16.651941607177285,26,131546,57,1,0,0,0,1,0,0,1,98.96813591966239,-18.77794128928111,21.233397244201875,0
55239,4.486600113395544,0.8825744216279298,25.63148864832223,92.66234923138558,90.21774746419227,87.1865193052345,16.67298342157379,13,131559,57,1,0,0,1,1,0,0,1,114.8070008488285,-21.426075007891697,19.65938043354568,0
55250,4.609711426007112,0.8621699559497984,25.64756417468145,92.76276502021597,89.92747515027482,87.47346949404076,16.694456456097246,6,131565,59,1,0,0,0,1,0,0,1,103.89935073534096,-17.74532683113049,22.678716184258132,0
55261,4.03726246459262,0.9441594780236495,25.6303281834945,93.09456639927585,89.62109279922052,87.44646036341611,16.715655180538054,49,131614,60,1,0,0,1,1,0,0,1,116.82488466834948,-21.71590334803181,18.92672071130062,0
55271,4.295642995468628,0.9158805375755155,25.466274482546797,92.84775442694192,90.01801215297914,87.60577836959655,16.73658270112033,33,131647,61,1,0,0,1,1,0,0,1,103.80619626048514,-19.433413684762485,23.195385870975144,0
55282,4.582461941675363,0.9204422373283894,25.405505442724237,93.41484218537865,90.07065043608902,87.33626505048201,16.75823108918139,4,131651,61,1,0,0,0,1,0,0,1,115.89941968907614,-21.180652688039036,22.14237202273775,0
55293,4.205123919686803,0.8019123748623255,25.521355713302796,93.11450456212276,89.78224011614417,87.1779091483193,16.780110474134865,31,131682,61,1,0,0,0,1,0,0,1,101.62805200447914,-14.553303892871853,22.360039550157694,0
55303,4.2442688111111915,0.9567962739606986,25.592165972627477,93.1476675836597,89.60430532826108,87.16302584118016,16.801526737297586,8,131690,62,1,0,0,0,1,0,0,1,100.29057237274182,-15.179714444439357,18.358243857583126,0
55314,4.376884780651334,0.9370572706257599,25.439489753043265,92.76782569264807,90.3147555656307,87.28057968678148,16.823187878501848,14,131704,60,1,0,0,0,1,0,0,1,103.42781218946529,-19.782902473053934,19.76850083801887,0
55324,4.3250225413902434,0.7841642887533007,25.791111407267735,93.44307314843387,89.53255292217085,87.69633425043777,16.84540511164013,46,131750,60,1,0,0,1,1,0,0,1,116.78531331056845,-15.929016744474517,23.10146314925332,0
55335,4.1708458018677215,0.8720324907065704,25.577542490636507,92.69172929110098,90.28294727730606,87.51036414814254,16.867933960340824,40,131790,58,1,0,0,0,1,0,0,1,115.61847574101054,-17.50585061333198,19.770597676677752,0
55346,4.113313091689797,0.8544228865862425,25.41308626563303,93.23047365384473,89.75312623134964,87.44098259205687,16.89056408802053,20,131810,59,1,0,0,1,1,0,0,1,114.90060210273631,-21.417550720889622,22.742407988152383,0
55356,4.379932531289738,0.9102743155055253,25.42400787460524,92.86344754621904,90.20921192457783,87.54246271731743,16.912418255952723,35,131845,61,1,0,0,1,1,0,0,1,112.92382221930664,-13.334790558532376,19.468618503507027,0
55367,4.3343052932204245,0.8800036265590422,25.801471830315204,93.42251332842812,90.15447425616492,87.79914630865822,16.934996290219225,0,131845,63,1,0,0,1,1,0,0,1,101.08214974982421,-20.022006226159423,19.779589124758772,0
55378,4.140767456396258,0.9369108677285869,25.808600650648888,92.85953065700375,90.15681862037088,87.41688338079553,16.95769628185143,14,131859,64,1,0,0,1,1,0,0,1,104.47317772793278,-13.421731107621888,20.86060823316828,0
55388,4.189508793276235,0.787883263231122,25.54758161184613,93.18317517029443,90.05198687589082,87.62516249608028,16.980139792630073,25,131884,63,1,0,0,0,1,0,0,1,112.01680663255107,-14.808513368969248,19.074621096269166,0
55399,4.0098814907238465,0.9080677099881481,25.727787822870045,92.63266895274275,89.77351310791155,87.13124775934587,17.002519773475104,33,131917,65,1,0,0,0,1,0,0,1,98.21007014876231,-20.456562234523034,17.964412232981243,0
55409,4.311810805495267,0.8411776592547355,25.466451521948315,93.34000998331345,90.03516473579585,87.7227457712898,17.025475836401505,10,131927,66,1,0,0,0,1,0,0,1,109.02189443866556,-13.389999334878619,22.018625242787138,0
55420,4.300533068120817,0.7815736174517915,25.450779233574995,93.04184754317319,90.24221724737932,87.85602750545262,17.0484292878449,45,131972,67,1,0,0,0,1,0,0,1,104.83342564784236,-20.29450315704833,23.584833466892917,0
55431,4.068197004442378,0.8253531662222,25.72006006369058,93.12642614488928,89.60848697273606,87.51002269673508,17.071796860187632,46,132018,69,1,0,0,0,1,0,0,1,109.35652389599169,-20.32968779109425,20.03957589265597,0
55441,4.099741943286903,0.762701263091874,25.48233334032386,93.39295205642236,90.16619486642625,87.51734064004393,17.095043768843166,14,132032,70,1,0,0,1,1,0,0,1,99.16596893141417,-18.260167774699987,19.098971013858122,0
55452,4.348928161607094,0.853177124806396,25.812197590993307,93.37716034880405,89.66476187449352,87.69246427133471,17.11816749610653,8,132040,72,1,0,0,0,1,0,0,1,110.42449256551082,-12.34634187417325,22.556357677389155,0
55462,4.168156943519561,0.9354902321574019,25.62381562241914,93.30090098465517,89.62318359357297,88.03262241074202,17.142243665164912,43,132083,74,1,0,0,1,1,0,0,1,102.1997731837028,-14.942635318860813,22.99695547893788,0
55473,4.378915465618057,0.9191800481452729,25.733644511772027,92.97545242702927,89.98512788582649,87.38505812855689,17.16658640146239,4,132087,76,1,0,0,0,1,0,0,1,103.70843049916057,-19.89408250702013,22.56507544541374,0
55484,4.271937078163731,0.9310998749953171,25.836170275464426,92.6374569111303,89.54060174817764,87.33109654555416,17.190668668930506,50,132137,77,1,0,0,0,1,0,0,1,110.68343330509401,-16.239072509962682,20.828323373102727,0
55494,4.052063570082307,0.9059594296712961,25.60974606569917,93.49045810981619,89.67589058995691,87.98458038446778,17.214229513082284,28,132165,77,1,0,0,0,1,0,0,1,104.02011033962854,-15.837041642210957,20.89877932528886,0
55505,3.9753850965931465,0.8701475966946175,25.715127879742205,93.46226614624213,89.63158975737839,87.47258399226484,17.23839947957724,14,132179,78,1,0,0,0,1,0,0,1,112.15985740600291,-18.316819838772396,20.959875886677633,0
55516,4.072562332663475,0.8582416441169052,25.630089330939672,92.73918136785976,89.3629799840661,87.89327130750098,17.262738593420693,45,132224,77,1,0,0,0,1,0,0,1,99.5062926256055,-18.0796533922652,18.10761522195077,0
55526,4.028874872477353,0.8684865839385911,25.7522557947469,93.26793285039567,90.12023982852806,87.40316792291948,17.2870348516934,33,132257,77,1,0,0,1,1,0,0,1,111.46077057097531,-21.212414973409068,22.484507422479712,0
55537,4.035125302021913,0.8930135121392578,25.58557456059078,93.16371541973619,89.91377363913196,87.51093772856707,17.31106035349134,40,132297,76,1,0,0,0,1,0,0,1,100.46180303875236,-14.566391512170219,22.138365291405428,0
55547,4.131842990298917,0.8944598095545969,25.686792251788205,93.28639051408271,89.949633093527,87.49413397799081,17.335537796445326,18,132315,75,1,0,0,0,1,0,0,1,101.45998804298202,-12.124195333592775,18.692007988003652,0
55558,4.183009537390216,0.8090633463434251,25.744665475728237,93.57566229134464,89.34026482968036,87.35543319925375,17.360179534138187,41,132356,75,1,0,0,1,1,0,0,1,108.10631496177042,-21.425316503253757,22.698494292355978,0
55573,4.366149323484776,0.7437888528367382,25.500893775976273,92.79223337478214,89.56910782521659,87.888646092456,17.395877000097375,11,132367,73,1,0,0,0,1,0,0,1,109.7070129206288,-16.27737453029586,19.25697391972526,0
55584,4.13338841690355,0.8916564937767789,25.660752937819435,92.82243394828359,89.35654544594149,87.9613201608518,17.420621773626603,17,132384,72,1,0,0,1,1,0,0,1,95.7650970640254,-20.00694862574047,21.113928381044477,0
55594,3.854961477309129,0.8541805472810904,25.78857653527496,93.25392456378833,89.84470241635931,87.0879756049133,17.445510932088148,44,132428,73,1,0,0,1,1,0,0,1,93.80276116058042,-16.81750380956552,21.791284994833717,0
55605,3.8421252346922934,0.7773417000350338,25.66933606398442,92.77673266995166,89.3411060275687,87.2178124964111,17.471072837674996,24,132452,71,1,0,0,0,1,0,0,1,94.80028942862826,-15.046079521817592,22.478333042963406,0
55615,4.283382945540535,0.8366296132711805,25.739293742957123,93.09271540173441,89.4243387993351,87.19653229180798,17.49580840498663,42,132494,71,1,0,0,1,1,0,0,1,107.72108448519515,-19.93838627071175,23.17639443989517,0
55626,3.8270994580039996,0.8515542237425191,25.606374152326136,93.04145836806195,89.98123381760418,87.81941622872557,17.520892524546497,34,132528,72,1,0,0,1,1,0,0,1,108.60439061183544,-17.25596152536194,23.13764508647439,0
55636,4.013806070725414,0.8458351401541141,25.87587308769307,93.19251644277627,89.91799169702745,87.48838855782435,17.546294361199706,6,132534,70,1,0,0,0,1,0,0,1,91.77762153451685,-16.59331671546959,18.603752628112574,0
55647,4.234969028120332,0.7972203429967709,25.887952744012907,93.4397871901962,89.51452971411203,87.28400691979944,17.571888566985283,35,132569,68,1,0,0,1,1,0,0,1,106.90321354399217,-13.289636305103251,22.032143687999728,0
55657,4.208934266440506,0.9194797182618972,25.635254585108267,92.97464910489384,90.10073355571227,87.92091452793143,17.59746642424988,16,132585,69,1,0,0,0,1,0,0,1,99.70587491261749,-15.499011545500059,21.62818713496159,0
55668,3.889155939112312,0.7260720007948676,25.789218632733785,92.86283430831128,89.92098826118483,87.61075156301285,17.623502638909798,42,132627,68,1,0,0,1,1,0,0,1,106.88442079482273,-17.902592728789557,23.25657459622777,0
55679,4.1079135013073795,0.9035669752905517,25.810730854605648,93.38055953967246,89.52726294153179,87.92661598603648,17.649480511588585,43,132670,69,1,0,0,0,1,0,0,1,104.00646450013645,-15.910691314761603,19.912077553219497,0
55689,3.8291319135593054,0.8237291938177519,25.804798610797647,92.71965532178291,89.98849675138476,87.6575504688976,17.676342865545667,9,132679,68,1,0,0,0,1,0,0,1,92.48607733578963,-12.863824765889502,19.98222178051641,0
55700,4.1255484172333485,0.7462264729463407,25.770044545301456,93.01597382711593,90.0270282528283,87.78857741406307,17.702965831535515,32,132711,70,1,0,0,0,1,0,0,1,90.27887113600048,-18.182088099156843,24.150123127506856,0
55711,4.162121982225297,0.9102983462831342,25.763421238059614,92.77013711552945,89.73689194152405,87.14468604008954,17.729457953061008,25,132736,70,1,0,0,1,1,0,0,1,93.2743922430752,-17.993359333264557,22.74014860861476,0
55722,3.795330106367195,0.7791235015939824,25.59529853302491,92.66962032495547,90.03884813706095,87.26926753371468,17.757572412806113,35,132771,70,1,0,0,0,1,0,0,1,90.14177911658241,-17.21734957819927,22.158775727823503,0
55733,4.030193745997968,0.8889429095964388,25.909789042992205,93.09768499317539,89.73627471989694,87.19088184492834,17.78426737990803,33,132804,71,1,0,0,1,1,0,0,1,106.31320595349956,-18.089246218609393,21.830828659787585,0
55743,3.7495344341531895,0.8133785649244315,25.645444242400814,92.86556948012739,89.49811956557312,87.3490356613507,17.811643321076385,16,132820,73,1,0,0,0,1,0,0,1,90.78369300189729,-20.417527594391377,23.258126621629426,0
55754,3.6868103801319205,0.8028948932868342,25.740926615102143,93.2187000064551,89.56834036037168,87.88128759590346,17.838843462933674,20,132840,73,1,0,0,1,1,0,0,1,107.19170608455698,-14.476974660665968,21.10785580031643,0
55765,3.860652047972998,0.777362119123752,25.675312496709523,92.96034195829539,90.17748310508337,87.56468106527278,17.865416906838597,1,132841,75,1,0,0,1,1,0,0,1,96.72140093224345,-17.784059677430825,19.74025198299937,0
55775,4.211879741440189,0.7530575541396742,25.65141756322149,92.94419373319477,90.1307986682543,88.01789131978809,17.89298735349486,21,132862,76,1,0,0,0,1,0,0,1,91.13829238409782,-20.479860390294284,19.293714193792116,0
55786,4.112845762436578,0.7286777613009316,25.773449671940938,93.37210643423832,89.9861860941185,87.0964971166315,17.920850552829197,9,132871,78,1,0,0,1,1,0,0,1,105.5393602213778,-14.576025406310787,21.450341679964943,0
55797,3.772397393016146,0.7811483133909245,25.83326193796809,92.77034832173169,90.27750487134873,87.48991490172826,17.948829292115427,28,132899,76,1,0,0,1,1,0,0,1,105.55806583968098,-12.709080127097891,20.904381671109984,0
55807,4.20130507585049,0.7557217563877642,25.737751032176558,93.02245555644501,89.5471808342755,87.61107520002633,17.976062270977593,6,132905,75,1,0,0,1,1,0,0,1,92.81447695876531,-13.266248453188073,24.020996908861566,0
55818,3.9192524883335724,0.8316320976949645,25.834065668307144,92.7836390086535,89.45902900295664,87.3216412793723,18.003471259485657,38,132943,77,1,0,0,1,1,0,0,1,93.35712655913802,-12.23013717923034,20.143457059144676,0
55828,4.166334091952418,0.7736877915203079,25.921012375683475,93.20791087920213,89.70488674940022,87.86550988265496,18.03103369918433,45,132988,75,1,0,0,0,1,0,0,1,91.5057235248951,-20.006298076400686,20.37231469863021,0
55839,4.118909991965056,0.8020822214901687,25.84162981362013,92.9581311438827,89.45150901802381,87.58725781050492,18.05932071200117,3,132991,73,1,0,0,1,1,0,0,1,102.37934769569384,-20.460079125966335,20.575018842042407,0
55850,3.7859258560736913,0.7495795794464774,25.74830030744518,92.69326784329765,89.78793221867558,87.86480850587706,18.087544282359097,36,133027,71,1,0,0,0,1,0,0,1,103.68394694290188,-11.96518901643637,20.86196626420744,0
55860,4.144623960500597,0.7348254805735117,25.806605613055268,92.92328261118473,89.81409603959139,87.74565878676657,18.115676448347877,40,133067,71,1,0,0,1,1,0,0,1,103.60256208189696,-12.828734644918905,19.943766508525762,0
55871,4.028415805996221,0.7200319305666893,25.717381435094037,92.87277968519913,90.24707548682395,88.01277193497621,18.144499785325994,12,133079,73,1,0,0,0,1,0,0,1,104.27348739700271,-19.854905091081967,20.041830558107165,0
55882,4.05471574972063,0.7870797532238736,25.860582041762495,92.85847356952206,89.34259469887326,87.26366658994213,18.173118693218765,42,133121,71,1,0,0,0,1,0,0,1,87.60494644565637,-19.707017985890023,20.992703601802894,0
55892,3.873219478386012,0.7523299616327372,25.720071478800005,93.19652100241393,89.59780273973695,87.40528996964194,18.201362923744806,37,133158,73,1,0,0,0,1,0,0,1,93.47294574474437,-16.74887294379896,21.767259946900573,0
55903,4.072042435214232,0.7488455850701455,25.762030093524654,92.85377091477602,89.62296742404983,87.6581533067392,18.229658713031384,43,133201,71,1,0,0,0,1,0,0,1,94.0912363101539,-19.665483338523966,24.32161300248335,0
55914,4.031821530777361,0.7606369672663078,25.643385810339108,93.03915602514269,90.01543851420931,87.17745512031294,18.25887068961882,21,133222,71,1,0,0,1,1,0,0,1,103.27460210595831,-19.790616133750497,20.98535362811295,0
55924,4.002153259269873,0.8511233810650393,25.614084973694,92.74437716825034,89.64150036098543,87.77078792357435,18.288245014944106,11,133233,73,1,0,0,1,1,0,0,1,99.15505211768237,-17.633894672183896,22.557564782715833,0
55935,3.9004822271981916,0.7480566353003854,25.82757948079704,92.65950969406317,89.50166848848347,87.84728951281944,18.31721773772573,25,133258,73,1,0,0,0,1,0,0,1,91.98697279125116,-19.419232076130974,19.64894385177646,0
55945,3.946946450541774,0.8797601713509966,25.61094296619923,92.68951328363718,89.84891866593449,87.50222306463239,18.345738898029566,15,133273,72,1,0,0,0,1,0,0,1,92.2762975431938,-16.28966979331145,20.188909203775832,0
55956,3.7219012914715854,0.8562955230736955,25.748853519233688,92.93612129851863,89.54051055401187,87.6931558124133,18.376217420534463,20,133293,70,1,0,0,1,1,0,0,1,100.41818040729027,-15.30784977260547,22.64438051951108,0
55967,4.035490476350151,0.7483930069883004,25.834666456173363,92.85909482486215,89.42391916320673,87.18564365999768,18.405803645111295,2,133295,68,1,0,0,1,1,0,0,1,87.01529413267927,-14.215475482610675,23.523658486158503,0
55978,3.5812572817679302,0.8440806467404686,25.728984212851227,93.00237807402651,89.62595290191408,87.8262819794188,18.434855092006764,41,133336,66,1,0,0,1,1,0,0,1,95.61356700382954,-19.630781030302234,20.14086807270159,0
55988,3.661544665281149,0.6905869779739637,25.79602852232893,93.14927475593751,89.59585871129896,87.42957711758751,18.4650247523211,21,133357,67,1,0,0,0,1,0,0,1,93.83499502945375,-11.2854188109501,24.423503421047123,0
55999,3.9781757978501964,0.817465440739014,25.79764778984054,93.01157118539747,90.0214693204082,87.66978435786604,18.494655487607734,45,133402,68,1,0,0,0,1,0,0,1,86.9424197454188,-12.454211663339024,24.952307331932875,0
56010,3.666135722735862,0.7846803416371781,25.64044322548203,92.74164232502979,90.18245259703814,87.62733941426387,18.524713333925895,8,133410,67,1,0,0,1,1,0,0,1,100.4119273454818,-12.694228790007653,20.547128902888986,0
56020,3.5735360117525095,0.7763265248543826,25.651561458615383,93.16198619240346,90.14700297053437,87.73889078348444,18.55470743013534,24,133434,67,1,0,0,1,1,0,0,1,92.53405953237328,-17.037203618919786,19.0834992357312,0
56031,3.4788751093331864,0.8360061009817277,25.681573517093227,93.1641084790787,90.00228644655905,87.34428225633137,18.584969079342358,23,133457,67,1,0,0,1,1,0,0,1,85.45979049122118,-14.117509714459219,20.529337614468023,0
56042,3.9643518976528296,0.6884551245085625,25.960572291930106,92.71146462103884,89.48425113956223,87.37338902804319,18.61590092447097,39,133496,67,1,0,0,0,1,0,0,1,96.60965216691562,-17.192521471145508,21.266320303715222,0
56052,3.921954198748339,0.8157609723362049,25.84057376068698,93.31526850606862,89.62315201459907,87.69133664314386,18.646241401750192,37,133533,68,1,0,0,0,1,0,0,1,98.69378820088357,-17.96287242459823,21.361077970272003,0
56063,3.8080558959991753,0.7400513382761059,25.86522790015108,93.4017754621996,89.40700470830853,87.18002769138413,18.676077371037213,17,133550,67,1,0,0,0,1,0,0,1,99.40341734084782,-17.436972180180856,19.709875502099827,0
56074,3.6107219010858573,0.7694865895762061,25.907531239100702,93.0524793380995,89.2954279014055,87.83336115285991,18.708010766782365,17,133567,66,1,0,0,0,1,0,0,1,91.31207758547558,-14.430765307686134,20.619890200576858,0
56085,3.694479668051919,0.8521951662250035,25.718068685583763,92.69881882655908,90.22826922258467,87.05874392506003,18.73927219587522,15,133582,66,1,0,0,1,1,0,0,1,87.27650729701477,-11.836765181552261,20.77196795418379,0
56095,3.5981257955742483,0.7148344704247366,25.82940697189415,93.11228532142395,90.07326375174799,87.85983473032933,18.769622318393093,10,133592,66,1,0,0,0,1,0,0,1,95.54792310158341,-20.329158470553594,23.469819607537765,0
56105,3.7774021398773794,0.8000830891912682,25.662616300905707,93.0855241333325,89.41683571403962,87.38152770105798,18.800227621914065,42,133634,64,1,0,0,0,1,0,0,1,83.45227082469708,-13.708361379862097,21.84456702148191,0
56116,3.815200845612593,0.7359766706550898,25.822245443222386,93.33169974885669,90.02970021051082,87.35051057199436,18.831481982313004,26,133660,64,1,0,0,1,1,0,0,1,95.44350093860372,-16.917332241049742,21.497872782644237,0
56127,3.824665193054394,0.6844600860606067,25.841467153691312,92.7493239189626,89.49026921537191,87.3792676508017,18.863257233305703,42,133702,64,1,0,0,1,1,0,0,1,87.0634306330501,-13.512910347733097,20.534030414906862,0
56137,3.592523028122446,0.8063303303342083,25.775044663220015,93.13229839379851,89.75577518003084,88.0032387768433,18.893923251068934,0,133702,64,1,0,0,1,1,0,0,1,84.84122131915419,-13.128666352499655,24.008740210291812,0
56148,3.5166043644481393,0.8250609400761968,25.909029068819805,92.5828809295262,89.6415615400903,87.66626208039284,18.925104569679448,2,133704,65,1,0,0,1,1,0,0,1,89.56191766368568,-17.986871214602893,20.95796687657219,0
56159,3.954115636121255,0.8358251564601352,25.669011415964185,92.80249940384233,89.30316604482228,87.21381903137701,18.957595872107714,26,133730,63,1,0,0,1,1,0,0,1,97.70111150872265,-18.271605692766805,20.38896834261727,0
56169,3.51815165243098,0.742642722381848,25.869894244582024,93.26944101412266,89.9661187641344,87.7144623381969,18.989172328815936,40,133770,65,1,0,0,1,1,0,0,1,91.67217298892332,-11.303701239552595,21.621410907802588,0
56180,3.5455913302210376,0.8467896890668225,26.032475878600156,92.91412726445867,89.61260207227517,87.86001720466432,19.021251605228368,35,133805,64,1,0,0,1,1,0,0,1,94.9784954848427,-19.44029187286689,22.961689729192255,0
56191,3.6431104195148736,0.8565604715785886,25.785507645146463,93.25371876304449,89.547915725125,87.99765843407029,19.05305156504342,23,133828,62,1,0,0,1,1,0,0,1,86.35116553240059,-15.572615118968848,23.28269534321133,0
56202,3.7868153974307273,0.7527729265712783,25.963749386305864,92.69052182375894,90.0185082049525,87.57615610142459,19.08599033243262,19,133847,60,1,0,0,0,1,0,0,1,82.30609438670191,-11.276746520090352,21.789300528055893,0
